,ts,type,Market,Side,event,details,ev,strategy
0,2026-03-11T03:38:31.145Z,decision,BTC 15m Up/Down,Outcome A,QUOTE,,0,unknown
1,2026-03-11T03:38:31.145Z,decision,BTC 15m Up/Down,Outcome B,SKIP,Slippage risk high,0,unknown
2,2026-03-11T03:38:30.142Z,decision,BTC 15m Up/Down,Outcome A,SKIP,Price feed invalid,0,unknown
3,2026-03-11T03:38:30.142Z,decision,BTC 15m Up/Down,Outcome B,SKIP,Price feed invalid,0,unknown
4,2026-03-11T03:38:29.139Z,decision,BTC 15m Up/Down,Outcome A,QUOTE,,0,unknown
5,2026-03-11T03:38:29.139Z,decision,BTC 15m Up/Down,Outcome B,SKIP,Slippage risk high,0,unknown
6,2026-03-11T03:38:28.136Z,decision,BTC 15m Up/Down,Outcome A,SKIP,Price feed invalid,0,unknown
7,2026-03-11T03:38:28.136Z,decision,BTC 15m Up/Down,Outcome B,SKIP,Price feed invalid,0,unknown
8,2026-03-11T03:38:27.132Z,decision,BTC 15m Up/Down,Outcome A,QUOTE,,0,unknown
9,2026-03-11T03:38:27.132Z,decision,BTC 15m Up/Down,Outcome B,SKIP,Slippage risk high,0,unknown
10,2026-03-11T03:38:26.127Z,decision,BTC 15m Up/Down,Outcome A,QUOTE,,0,unknown
11,2026-03-11T03:38:26.127Z,decision,BTC 15m Up/Down,Outcome B,SKIP,Slippage risk high,0,unknown
13,2026-03-11T03:38:25.123Z,decision,BTC 15m Up/Down,Outcome B,SKIP,Slippage risk high,0,unknown
12,2026-03-11T03:38:25.123Z,decision,BTC 15m Up/Down,Outcome A,QUOTE,,0,unknown
14,2026-03-11T03:38:24.115Z,decision,BTC 15m Up/Down,Outcome A,QUOTE,,0,unknown
15,2026-03-11T03:38:24.115Z,decision,BTC 15m Up/Down,Outcome B,SKIP,Slippage risk high,0,unknown
16,2026-03-11T03:38:23.110Z,decision,BTC 15m Up/Down,Outcome A,QUOTE,,0,unknown
17,2026-03-11T03:38:23.110Z,decision,BTC 15m Up/Down,Outcome B,SKIP,Slippage risk high,0,unknown
18,2026-03-11T03:38:22.104Z,decision,BTC 15m Up/Down,Outcome A,QUOTE,,0,unknown
19,2026-03-11T03:38:22.104Z,decision,BTC 15m Up/Down,Outcome B,SKIP,Slippage risk high,0,unknown
20,2026-03-11T03:38:21.100Z,decision,BTC 15m Up/Down,Outcome A,QUOTE,,0,unknown
21,2026-03-11T03:38:21.100Z,decision,BTC 15m Up/Down,Outcome B,SKIP,Slippage risk high,0,unknown
22,2026-03-11T03:38:20.094Z,decision,BTC 15m Up/Down,Outcome A,QUOTE,,0,unknown
23,2026-03-11T03:38:20.094Z,decision,BTC 15m Up/Down,Outcome B,SKIP,Slippage risk high,0,unknown
25,2026-03-11T03:38:19.086Z,decision,BTC 15m Up/Down,Outcome B,SKIP,Slippage risk high,0,unknown
24,2026-03-11T03:38:19.086Z,decision,BTC 15m Up/Down,Outcome A,QUOTE,,0,unknown
26,2026-03-11T03:38:18.081Z,decision,BTC 15m Up/Down,Outcome A,QUOTE,,0,unknown
27,2026-03-11T03:38:18.081Z,decision,BTC 15m Up/Down,Outcome B,SKIP,Slippage risk high,0,unknown
28,2026-03-11T03:38:17.076Z,decision,BTC 15m Up/Down,Outcome A,QUOTE,,0,unknown
29,2026-03-11T03:38:17.076Z,decision,BTC 15m Up/Down,Outcome B,SKIP,Slippage risk high,0,unknown
30,2026-03-11T03:38:16.074Z,decision,BTC 15m Up/Down,Outcome A,SKIP,Slippage risk high,0,unknown
31,2026-03-11T03:38:16.074Z,decision,BTC 15m Up/Down,Outcome B,SKIP,Slippage risk high,0,unknown
32,2026-03-11T03:38:15.071Z,decision,BTC 15m Up/Down,Outcome A,QUOTE,,0,unknown
33,2026-03-11T03:38:15.071Z,decision,BTC 15m Up/Down,Outcome B,SKIP,Slippage risk high,0,unknown
34,2026-03-11T03:38:14.068Z,decision,BTC 15m Up/Down,Outcome A,QUOTE,,0,unknown
35,2026-03-11T03:38:14.068Z,decision,BTC 15m Up/Down,Outcome B,SKIP,Slippage risk high,0,unknown
36,2026-03-11T03:38:13.030Z,decision,BTC 15m Up/Down,Outcome A,QUOTE,,0,unknown
37,2026-03-11T03:38:13.030Z,decision,BTC 15m Up/Down,Outcome B,SKIP,Slippage risk high,0,unknown
39,2026-03-11T03:38:12.025Z,decision,BTC 15m Up/Down,Outcome B,SKIP,Price feed invalid,0,unknown
38,2026-03-11T03:38:12.025Z,decision,BTC 15m Up/Down,Outcome A,SKIP,Price feed invalid,0,unknown
40,2026-03-11T03:38:11.018Z,decision,BTC 15m Up/Down,Outcome A,QUOTE,,0,unknown
41,2026-03-11T03:38:11.018Z,decision,BTC 15m Up/Down,Outcome B,SKIP,Slippage risk high,0,unknown
42,2026-03-11T03:38:10.012Z,decision,BTC 15m Up/Down,Outcome A,QUOTE,,0,unknown
43,2026-03-11T03:38:10.012Z,decision,BTC 15m Up/Down,Outcome B,SKIP,Slippage risk high,0,unknown
44,2026-03-11T03:38:09.006Z,decision,BTC 15m Up/Down,Outcome A,QUOTE,,0,unknown
45,2026-03-11T03:38:09.006Z,decision,BTC 15m Up/Down,Outcome B,SKIP,Slippage risk high,0,unknown
46,2026-03-11T03:38:07.978Z,decision,BTC 15m Up/Down,Outcome A,QUOTE,,0,unknown
47,2026-03-11T03:38:07.978Z,decision,BTC 15m Up/Down,Outcome B,SKIP,Slippage risk high,0,unknown
48,2026-03-11T03:38:06.972Z,decision,BTC 15m Up/Down,Outcome A,QUOTE,,0,unknown
49,2026-03-11T03:38:06.972Z,decision,BTC 15m Up/Down,Outcome B,SKIP,Slippage risk high,0,unknown
51,2026-03-11T03:38:05.969Z,decision,BTC 15m Up/Down,Outcome B,SKIP,Slippage risk high,0,unknown
50,2026-03-11T03:38:05.969Z,decision,BTC 15m Up/Down,Outcome A,QUOTE,,0,unknown
52,2026-03-11T03:38:04.966Z,decision,BTC 15m Up/Down,Outcome A,QUOTE,,0,unknown
53,2026-03-11T03:38:04.966Z,decision,BTC 15m Up/Down,Outcome B,SKIP,Slippage risk high,0,unknown
54,2026-03-11T03:38:03.963Z,decision,BTC 15m Up/Down,Outcome A,SKIP,Slippage risk high,0,unknown
55,2026-03-11T03:38:03.963Z,decision,BTC 15m Up/Down,Outcome B,SKIP,Slippage risk high,0,unknown
56,2026-03-11T03:38:02.959Z,decision,BTC 15m Up/Down,Outcome A,SKIP,Slippage risk high,0,unknown
57,2026-03-11T03:38:02.959Z,decision,BTC 15m Up/Down,Outcome B,SKIP,Slippage risk high,0,unknown
58,2026-03-11T03:38:01.955Z,decision,BTC 15m Up/Down,Outcome A,QUOTE,,0,unknown
59,2026-03-11T03:38:01.955Z,decision,BTC 15m Up/Down,Outcome B,SKIP,Slippage risk high,0,unknown
60,2026-03-11T03:38:00.950Z,decision,BTC 15m Up/Down,Outcome A,QUOTE,,0,unknown
61,2026-03-11T03:38:00.950Z,decision,BTC 15m Up/Down,Outcome B,SKIP,Slippage risk high,0,unknown
62,2026-03-11T03:37:59.946Z,decision,BTC 15m Up/Down,Outcome A,QUOTE,,0,unknown
63,2026-03-11T03:37:59.946Z,decision,BTC 15m Up/Down,Outcome B,SKIP,Slippage risk high,0,unknown
65,2026-03-11T03:37:58.944Z,decision,BTC 15m Up/Down,Outcome B,SKIP,Slippage risk high,0,unknown
64,2026-03-11T03:37:58.944Z,decision,BTC 15m Up/Down,Outcome A,QUOTE,,0,unknown
66,2026-03-11T03:37:57.938Z,decision,BTC 15m Up/Down,Outcome A,QUOTE,,0,unknown
67,2026-03-11T03:37:57.938Z,decision,BTC 15m Up/Down,Outcome B,SKIP,Slippage risk high,0,unknown
68,2026-03-11T03:37:56.925Z,decision,BTC 15m Up/Down,Outcome A,QUOTE,,0,unknown
69,2026-03-11T03:37:56.925Z,decision,BTC 15m Up/Down,Outcome B,SKIP,Slippage risk high,0,unknown
70,2026-03-11T03:37:55.921Z,decision,BTC 15m Up/Down,Outcome A,QUOTE,,0,unknown
71,2026-03-11T03:37:55.921Z,decision,BTC 15m Up/Down,Outcome B,SKIP,Slippage risk high,0,unknown
72,2026-03-11T03:37:54.919Z,decision,BTC 15m Up/Down,Outcome A,QUOTE,,0,unknown
73,2026-03-11T03:37:54.919Z,decision,BTC 15m Up/Down,Outcome B,SKIP,Slippage risk high,0,unknown
74,2026-03-11T03:37:53.916Z,decision,BTC 15m Up/Down,Outcome A,QUOTE,,0,unknown
75,2026-03-11T03:37:53.916Z,decision,BTC 15m Up/Down,Outcome B,SKIP,Slippage risk high,0,unknown
77,2026-03-11T03:37:52.912Z,decision,BTC 15m Up/Down,Outcome B,SKIP,Slippage risk high,0,unknown
76,2026-03-11T03:37:52.912Z,decision,BTC 15m Up/Down,Outcome A,QUOTE,,0,unknown
78,2026-03-11T03:37:51.909Z,decision,BTC 15m Up/Down,Outcome A,SKIP,Price feed invalid,0,unknown
79,2026-03-11T03:37:51.909Z,decision,BTC 15m Up/Down,Outcome B,SKIP,Price feed invalid,0,unknown
80,2026-03-11T03:37:50.906Z,decision,BTC 15m Up/Down,Outcome A,QUOTE,,0,unknown
81,2026-03-11T03:37:50.906Z,decision,BTC 15m Up/Down,Outcome B,SKIP,Slippage risk high,0,unknown
82,2026-03-11T03:37:49.875Z,decision,BTC 15m Up/Down,Outcome A,QUOTE,,0,unknown
83,2026-03-11T03:37:49.875Z,decision,BTC 15m Up/Down,Outcome B,SKIP,Slippage risk high,0,unknown
84,2026-03-11T03:37:48.872Z,decision,BTC 15m Up/Down,Outcome A,QUOTE,,0,unknown
85,2026-03-11T03:37:48.872Z,decision,BTC 15m Up/Down,Outcome B,SKIP,Slippage risk high,0,unknown
86,2026-03-11T03:37:47.862Z,decision,BTC 15m Up/Down,Outcome A,QUOTE,,0,unknown
87,2026-03-11T03:37:47.862Z,decision,BTC 15m Up/Down,Outcome B,SKIP,Slippage risk high,0,unknown
89,2026-03-11T03:37:46.860Z,decision,BTC 15m Up/Down,Outcome B,SKIP,Slippage risk high,0,unknown
88,2026-03-11T03:37:46.860Z,decision,BTC 15m Up/Down,Outcome A,QUOTE,,0,unknown
90,2026-03-11T03:37:45.856Z,decision,BTC 15m Up/Down,Outcome A,QUOTE,,0,unknown
91,2026-03-11T03:37:45.856Z,decision,BTC 15m Up/Down,Outcome B,SKIP,Slippage risk high,0,unknown
92,2026-03-11T03:37:44.851Z,decision,BTC 15m Up/Down,Outcome A,QUOTE,,0,unknown
93,2026-03-11T03:37:44.851Z,decision,BTC 15m Up/Down,Outcome B,SKIP,Slippage risk high,0,unknown
94,2026-03-11T03:37:43.848Z,decision,BTC 15m Up/Down,Outcome A,QUOTE,,0,unknown
95,2026-03-11T03:37:43.848Z,decision,BTC 15m Up/Down,Outcome B,SKIP,Slippage risk high,0,unknown
96,2026-03-11T03:37:42.844Z,decision,BTC 15m Up/Down,Outcome A,QUOTE,,0,unknown
97,2026-03-11T03:37:42.844Z,decision,BTC 15m Up/Down,Outcome B,SKIP,Slippage risk high,0,unknown
98,2026-03-11T03:37:41.841Z,decision,BTC 15m Up/Down,Outcome A,SKIP,Price feed invalid,0,unknown
99,2026-03-11T03:37:41.841Z,decision,BTC 15m Up/Down,Outcome B,SKIP,Price feed invalid,0,unknown
